Word,Negative,Positive,Uncertainty
abandon,2009,0,0
abandoned,2009,0,0
abandoning,2009,0,0
abandonment,2009,0,0
abandonments,2009,0,0
abandons,2009,0,0
abdicated,2009,0,0
abdicates,2009,0,0
abdicating,2009,0,0
abdication,2009,0,0
abdications,2009,0,0
aberrant,2009,0,0
aberration,2009,0,0
aberrational,2009,0,0
aberrations,2009,0,0
abetting,2009,0,0
abeyance,0,0,2009
abeyances,0,0,2009
able,0,2009,0
abnormal,2009,0,0
abnormalities,2009,0,0
abnormality,2009,0,0
abnormally,2009,0,0
abolish,2009,0,0
abolished,2009,0,0
abolishes,2009,0,0
abolishing,2009,0,0
abrogate,2009,0,0
abrogated,2009,0,0
abrogates,2009,0,0
abrogating,2009,0,0
abrogation,2009,0,0
abrogations,2009,0,0
abrupt,2009,0,0
abruptly,2009,0,0
abruptness,2009,0,0
absence,2009,0,0
absences,2009,0,0
absenteeism,2009,0,0
abundance,0,2009,0
abundant,0,2009,0
abuse,2009,0,0
abused,2009,0,0
abuses,2009,0,0
abusing,2009,0,0
abusive,2009,0,0
abusively,2009,0,0
abusiveness,2009,0,0
accident,2009,0,0
accidental,2009,0,0
accidentally,2009,0,0
accidents,2009,0,0
acclaimed,0,2009,0
accomplish,0,2009,0
accomplished,0,2009,0
accomplishes,0,2009,0
accomplishing,0,2009,0
accomplishment,0,2009,0
accomplishments,0,2009,0
accusation,2009,0,0
accusations,2009,0,0
accuse,2009,0,0
accused,2009,0,0
accuses,2009,0,0
accusing,2009,0,0
achieve,0,2009,0
achieved,0,2009,0
achievement,0,2009,0
achievements,0,2009,0
achieves,0,2009,0
achieving,0,2009,0
acquiesce,2009,0,0
acquiesced,2009,0,0
acquiesces,2009,0,0
acquiescing,2009,0,0
acquit,2009,0,0
acquits,2009,0,0
acquittal,2009,0,0
acquittals,2009,0,0
acquitted,2009,0,0
acquitting,2009,0,0
adequately,0,2009,0
adulterate,2009,0,0
adulterated,2009,0,0
adulterating,2009,0,0
adulteration,2009,0,0
adulterations,2009,0,0
advancement,0,2009,0
advancements,0,2009,0
advances,0,2009,0
advancing,0,2009,0
advantage,0,2009,0
advantaged,0,2009,0
advantageous,0,2009,0
advantageously,0,2009,0
advantages,0,2009,0
adversarial,2009,0,0
adversaries,2009,0,0
adversary,2009,0,0
adverse,2009,0,0
adversely,2009,0,0
adversities,2009,0,0
adversity,2009,0,0
aftermath,2009,0,0
aftermaths,2009,0,0
against,2009,0,0
aggravate,2009,0,0
aggravated,2009,0,0
aggravates,2009,0,0
aggravating,2009,0,0
aggravation,2009,0,0
aggravations,2009,0,0
alerted,2009,0,0
alerting,2009,0,0
alienate,2009,0,0
alienated,2009,0,0
alienates,2009,0,0
alienating,2009,0,0
alienation,2009,0,0
alienations,2009,0,0
allegation,2009,0,0
allegations,2009,0,0
allege,2009,0,0
alleged,2009,0,0
allegedly,2009,0,0
alleges,2009,0,0
alleging,2009,0,0
alliance,0,2009,0
alliances,0,2009,0
almost,0,0,2009
alteration,0,0,2009
alterations,0,0,2009
ambiguities,0,0,2009
ambiguity,0,0,2009
ambiguous,0,0,2009
annoy,2009,0,0
annoyance,2009,0,0
annoyances,2009,0,0
annoyed,2009,0,0
annoying,2009,0,0
annoys,2009,0,0
annul,2009,0,0
annulled,2009,0,0
annulling,2009,0,0
annulment,2009,0,0
annulments,2009,0,0
annuls,2009,0,0
anomalies,2009,0,2009
anomalous,2009,0,2009
anomalously,2009,0,2009
anomaly,2009,0,2009
anticipate,0,0,2009
anticipated,0,0,2009
anticipates,0,0,2009
anticipating,0,0,2009
anticipation,0,0,2009
anticipations,0,0,2009
anticompetitive,2009,0,0
antitrust,2009,0,0
apparent,0,0,2009
apparently,0,0,2009
appear,0,0,2009
appeared,0,0,2009
appearing,0,0,2009
appears,0,0,2009
approximate,0,0,2009
approximated,0,0,2009
approximately,0,0,2009
approximates,0,0,2009
approximating,0,0,2009
approximation,0,0,2009
approximations,0,0,2009
arbitrarily,0,0,2009
arbitrariness,0,0,2009
arbitrary,0,0,2009
argue,2009,0,0
argued,2009,0,0
arguing,2009,0,0
argument,2009,0,0
argumentative,2009,0,0
arguments,2009,0,0
arrearage,2009,0,0
arrearages,2009,0,0
arrears,2009,0,0
arrest,2009,0,0
arrested,2009,0,0
arrests,2009,0,0
artificially,2009,0,0
assault,2009,0,0
assaulted,2009,0,0
assaulting,2009,0,0
assaults,2009,0,0
assertions,2009,0,0
assume,0,0,2009
assumed,0,0,2009
assumes,0,0,2009
assuming,0,0,2009
assumption,0,0,2009
assumptions,0,0,2009
assure,0,2009,0
assured,0,2009,0
assures,0,2009,0
assuring,0,2009,0
attain,0,2009,0
attained,0,2009,0
attaining,0,2009,0
attainment,0,2009,0
attainments,0,2009,0
attains,0,2009,0
attractive,0,2009,0
attractiveness,0,2009,0
attrition,2009,0,0
aversely,2011,0,0
backdating,2009,0,0
bad,2009,0,0
bail,2009,0,0
bailout,2009,0,0
balk,2009,0,0
balked,2009,0,0
bankrupt,2009,0,0
bankruptcies,2009,0,0
bankruptcy,2009,0,0
bankrupted,2009,0,0
bankrupting,2009,0,0
bankrupts,2009,0,0
bans,2009,0,0
barred,2009,0,0
barrier,2009,0,0
barriers,2009,0,0
beautiful,0,2009,0
beautifully,0,2009,0
believe,0,0,2009
believed,0,0,2009
believes,0,0,2009
believing,0,0,2009
beneficial,0,-2020,0
beneficially,0,2009,0
benefit,0,-2020,0
benefited,0,2009,0
benefiting,0,2009,0
benefitted,0,2009,0
benefitting,0,2009,0
best,0,2012,0
better,0,2009,0
bolstered,0,2009,0
bolstering,0,2009,0
bolsters,0,2009,0
boom,0,2009,0
booming,0,2009,0
boost,0,2009,0
boosted,0,2009,0
bottleneck,2009,0,0
bottlenecks,2009,0,0
boycott,2009,0,0
boycotted,2009,0,0
boycotting,2009,0,0
boycotts,2009,0,0
breach,2009,0,0
breached,2009,0,0
breaches,2009,0,0
breaching,2009,0,0
break,2009,0,0
breakage,2009,0,0
breakages,2009,0,0
breakdown,2009,0,0
breakdowns,2009,0,0
breaking,-2020,0,0
breaks,2009,0,0
breakthrough,0,2009,0
breakthroughs,0,2009,0
bribe,2009,0,0
bribed,2009,0,0
briberies,2009,0,0
bribery,2009,0,0
bribes,2009,0,0
bribing,2009,0,0
bridge,-2020,0,0
brilliant,0,2009,0
broken,-2020,0,0
burden,2009,0,0
burdened,2009,0,0
burdening,2009,0,0
burdens,2009,0,0
burdensome,2009,0,0
burned,2009,0,0
calamities,2009,0,0
calamitous,2009,0,0
calamity,2009,0,0
cancel,2009,0,0
canceled,2009,0,0
canceling,2009,0,0
cancellation,2009,0,0
cancellations,2009,0,0
cancelled,2009,0,0
cancelling,2009,0,0
cancels,2009,0,0
careless,2009,0,0
carelessly,2009,0,0
carelessness,2009,0,0
catastrophe,2009,0,0
catastrophes,2009,0,0
catastrophic,2009,0,0
catastrophically,2009,0,0
caution,2009,0,0
cautionary,2009,0,0
cautioned,2009,0,0
cautioning,2009,0,0
cautions,2009,0,0
cautious,0,0,2009
cautiously,0,0,2009
cautiousness,0,0,2009
cease,2009,0,0
ceased,2009,0,0
ceases,2009,0,0
ceasing,2009,0,0
censure,2009,0,0
censured,2009,0,0
censures,2009,0,0
censuring,2009,0,0
challenge,2009,0,0
challenged,2009,0,0
challenges,2009,0,0
challenging,2009,0,0
chargeoffs,2009,0,0
charitable,0,2009,0
circumvent,2009,0,0
circumvented,2009,0,0
circumventing,2009,0,0
circumvention,2009,0,0
circumventions,2009,0,0
circumvents,2009,0,0
claiming,2009,0,0
claims,2009,0,0
clarification,0,0,2009
clarifications,0,0,2009
clawback,2009,0,0
closed,-2020,0,0
closeout,2009,0,0
closeouts,2009,0,0
closing,-2020,0,0
closings,2009,0,0
closure,2009,0,0
closures,2009,0,0
coerce,2009,0,0
coerced,2009,0,0
coerces,2009,0,0
coercing,2009,0,0
coercion,2009,0,0
coercive,2009,0,0
collaborate,0,2009,0
collaborated,0,2009,0
collaborates,0,2009,0
collaborating,0,2009,0
collaboration,0,2009,0
collaborations,0,2009,0
collaborative,0,2009,0
collaborator,0,2009,0
collaborators,0,2009,0
collapse,2009,0,0
collapsed,2009,0,0
collapses,2009,0,0
collapsing,2009,0,0
collision,2009,0,0
collisions,2009,0,0
collude,2009,0,0
colluded,2009,0,0
colludes,2009,0,0
colluding,2009,0,0
collusion,2009,0,0
collusions,2009,0,0
collusive,2009,0,0
complain,2009,0,0
complained,2009,0,0
complaining,2009,0,0
complains,2009,0,0
complaint,2009,0,0
complaints,2009,0,0
complicate,2009,0,0
complicated,2009,0,0
complicates,2009,0,0
complicating,2009,0,0
complication,2009,0,0
complications,2009,0,0
compliment,0,2009,0
complimentary,0,2009,0
complimented,0,2009,0
complimenting,0,2009,0
compliments,0,2009,0
compulsion,2009,0,0
concealed,2009,0,0
concealing,2009,0,0
concede,2009,0,0
conceded,2009,0,0
concedes,2009,0,0
conceding,2009,0,0
conceivable,0,0,2009
conceivably,0,0,2009
concern,2009,0,0
concerned,2009,0,0
concerns,2009,0,0
conciliating,2009,0,0
conciliation,2009,0,0
conciliations,2009,0,0
conclusive,0,2009,0
conclusively,0,2009,0
condemn,2009,0,0
condemnation,2009,0,0
condemnations,2009,0,0
condemned,2009,0,0
condemning,2009,0,0
condemns,2009,0,0
conditional,0,0,2009
conditionally,0,0,2009
condone,2009,0,0
condoned,2009,0,0
conducive,0,2009,0
confess,2009,0,0
confessed,2009,0,0
confesses,2009,0,0
confessing,2009,0,0
confession,2009,0,0
confident,0,2009,0
confine,2009,0,0
confined,2009,0,0
confinement,2009,0,0
confinements,2009,0,0
confines,2009,0,0
confining,2009,0,0
confiscate,2009,0,0
confiscated,2009,0,0
confiscates,2009,0,0
confiscating,2009,0,0
confiscation,2009,0,0
confiscations,2009,0,0
conflict,2009,0,0
conflicted,2009,0,0
conflicting,2009,0,0
conflicts,2009,0,0
confront,2009,0,0
confrontation,2009,0,0
confrontational,2009,0,0
confrontations,2009,0,0
confronted,2009,0,0
confronting,2009,0,0
confronts,2009,0,0
confuse,2009,0,0
confused,2009,0,0
confuses,2009,0,2009
confusing,2009,0,2009
confusingly,2009,0,2009
confusion,2009,0,2009
conspiracies,2009,0,0
conspiracy,2009,0,0
conspirator,2009,0,0
conspiratorial,2009,0,0
conspirators,2009,0,0
conspire,2009,0,0
conspired,2009,0,0
conspires,2009,0,0
conspiring,2009,0,0
constructive,0,2009,0
constructively,0,2009,0
contempt,2009,0,0
contend,2009,0,0
contended,2009,0,0
contending,2009,0,0
contends,2009,0,0
contention,2009,0,0
contentions,2009,0,0
contentious,2009,0,0
contentiously,2009,0,0
contested,2009,0,0
contesting,2009,0,0
contingencies,0,0,2009
contingency,0,0,2009
contingent,0,0,2009
contingently,0,0,2009
contingents,0,0,2009
contraction,2009,0,0
contractions,2009,0,0
contradict,2009,0,0
contradicted,2009,0,0
contradicting,2009,0,0
contradiction,2009,0,0
contradictions,2009,0,0
contradictory,2009,0,0
contradicts,2009,0,0
contrary,2009,0,0
controversial,2009,0,0
controversies,2009,0,0
controversy,2009,0,0
convict,2009,0,0
convicted,2009,0,0
convicting,2009,0,0
conviction,2009,0,0
convictions,2009,0,0
corrected,2009,0,0
correcting,2009,0,0
correction,2009,0,0
corrections,2009,0,0
corrects,2009,0,0
corrupt,2009,0,0
corrupted,2009,0,0
corrupting,2009,0,0
corruption,2009,0,0
corruptions,2009,0,0
corruptly,2009,0,0
corruptness,2009,0,0
costly,2009,0,0
could,0,0,2009
counterclaim,2009,0,0
counterclaimed,2009,0,0
counterclaiming,2009,0,0
counterclaims,2009,0,0
counterfeit,2009,0,0
counterfeited,2009,0,0
counterfeiter,2009,0,0
counterfeiters,2009,0,0
counterfeiting,2009,0,0
counterfeits,2009,0,0
countermeasure,2009,0,0
countermeasures,2009,0,0
courteous,0,2009,0
creative,0,2009,0
creatively,0,2009,0
creativeness,0,2009,0
creativity,0,2009,0
crime,2009,0,0
crimes,2009,0,0
criminal,2009,0,0
criminally,2009,0,0
criminals,2009,0,0
crises,2009,0,0
crisis,2009,0,0
critical,-2020,0,0
critically,2009,0,0
criticism,2009,0,0
criticisms,2009,0,0
criticize,2009,0,0
criticized,2009,0,0
criticizes,2009,0,0
criticizing,2009,0,0
crossroad,0,0,2009
crossroads,0,0,2009
crucial,2009,0,0
crucially,2009,0,0
culpability,2009,0,0
culpable,2009,0,0
culpably,2009,0,0
cumbersome,2009,0,0
curtail,2009,0,0
curtailed,2009,0,0
curtailing,2009,0,0
curtailment,2009,0,0
curtailments,2009,0,0
curtails,2009,0,0
cut,2009,0,0
cutback,2009,0,0
cutbacks,2009,0,0
cyberattack,2014,0,0
cyberattacks,2014,0,0
cyberbullying,2014,0,0
cybercrime,2014,0,0
cybercrimes,2014,0,0
cybercriminal,2014,0,0
cybercriminals,2014,0,0
damage,2009,0,0
damaged,2009,0,0
damages,2009,0,0
damaging,2009,0,0
dampen,2009,0,0
dampened,2009,0,0
danger,2009,0,0
dangerous,2009,0,0
dangerously,2009,0,0
dangers,2009,0,0
deadlock,2009,0,0
deadlocked,2009,0,0
deadlocking,2009,0,0
deadlocks,2009,0,0
deadweight,2009,0,0
deadweights,2009,0,0
debarment,2009,0,0
debarments,2009,0,0
debarred,2009,0,0
deceased,2009,0,0
deceit,2009,0,0
deceitful,2009,0,0
deceitfulness,2009,0,0
deceive,2009,0,0
deceived,2009,0,0
deceives,2009,0,0
deceiving,2009,0,0
deception,2009,0,0
deceptions,2009,0,0
deceptive,2009,0,0
deceptively,2009,0,0
decline,2009,0,0
declined,2009,0,0
declines,2009,0,0
declining,2009,0,0
deface,2009,0,0
defaced,2009,0,0
defacement,2009,0,0
defamation,2009,0,0
defamations,2009,0,0
defamatory,2009,0,0
defame,2009,0,0
defamed,2009,0,0
defames,2009,0,0
defaming,2009,0,0
default,2009,0,0
defaulted,2009,0,0
defaulting,2009,0,0
defaults,2009,0,0
defeat,2009,0,0
defeated,2009,0,0
defeating,2009,0,0
defeats,2009,0,0
defect,2009,0,0
defective,2009,0,0
defects,2009,0,0
defend,2009,0,0
defendant,2009,0,0
defendants,2009,0,0
defended,2009,0,0
defending,2009,0,0
defends,2009,0,0
defensive,2009,0,0
defer,2009,0,0
deficiencies,2009,0,0
deficiency,2009,0,0
deficient,2009,0,0
deficit,2009,0,0
deficits,2009,0,0
defraud,2009,0,0
defrauded,2009,0,0
defrauding,2009,0,0
defrauds,2009,0,0
defunct,2009,0,0
degradation,2009,0,0
degradations,2009,0,0
degrade,2009,0,0
degraded,2009,0,0
degrades,2009,0,0
degrading,2009,0,0
delay,2009,0,0
delayed,2009,0,0
delaying,2009,0,0
delays,2009,0,0
deleterious,2009,0,0
deliberate,2009,0,0
deliberated,2009,0,0
deliberately,2009,0,0
delight,0,2009,0
delighted,0,2009,0
delightful,0,2009,0
delightfully,0,2009,0
delighting,0,2009,0
delights,0,2009,0
delinquencies,2009,0,0
delinquency,2009,0,0
delinquent,2009,0,0
delinquently,2009,0,0
delinquents,2009,0,0
delist,2009,0,0
delisted,2009,0,0
delisting,2009,0,0
delists,2011,0,0
demise,2009,0,0
demised,2009,0,0
demises,2009,0,0
demising,2009,0,0
demolish,2009,0,0
demolished,2009,0,0
demolishes,2009,0,0
demolishing,2009,0,0
demolition,2009,0,0
demolitions,2009,0,0
demote,2009,0,0
demoted,2009,0,0
demotes,2009,0,0
demoting,2009,0,0
demotion,2009,0,0
demotions,2009,0,0
denial,2009,0,0
denials,2009,0,0
denied,2009,0,0
denies,2009,0,0
denigrate,2009,0,0
denigrated,2009,0,0
denigrates,2009,0,0
denigrating,2009,0,0
denigration,2009,0,0
deny,2009,0,0
denying,2009,0,0
depend,0,0,2009
dependability,0,2009,0
dependable,0,2009,0
depended,0,0,2009
dependence,0,0,2009
dependencies,0,0,2009
dependency,0,0,2009
dependent,0,0,2009
depending,0,0,2009
depends,0,0,2009
deplete,2009,0,0
depleted,2009,0,0
depletes,2009,0,0
depleting,2009,0,0
depletion,2009,0,0
depletions,2009,0,0
deprecation,2009,0,0
depress,2009,0,0
depressed,2009,0,0
depresses,2009,0,0
depressing,2009,0,0
deprivation,2009,0,0
deprive,2009,0,0
deprived,2009,0,0
deprives,2009,0,0
depriving,2009,0,0
derelict,2009,0,0
dereliction,2009,0,0
derogatory,2009,0,0
desirable,0,2009,0
desired,0,2009,0
despite,0,2009,0
destabilization,2009,0,0
destabilize,2009,0,0
destabilized,2009,0,0
destabilizing,2009,0,2009
destined,0,2009,0
destroy,2009,0,0
destroyed,2009,0,0
destroying,2009,0,0
destroys,2009,0,0
destruction,2009,0,0
destructive,2009,0,0
detain,2009,0,0
detained,2009,0,0
detention,2009,0,0
detentions,2009,0,0
deter,2009,0,0
deteriorate,2009,0,0
deteriorated,2009,0,0
deteriorates,2009,0,0
deteriorating,2009,0,0
deterioration,2009,0,0
deteriorations,2009,0,0
deterred,2009,0,0
deterrence,2009,0,0
deterrences,2009,0,0
deterrent,2009,0,0
deterrents,2009,0,0
deterring,2009,0,0
deters,2009,0,0
detract,2009,0,0
detracted,2009,0,0
detracting,2009,0,0
detriment,2009,0,0
detrimental,2009,0,0
detrimentally,2009,0,0
detriments,2009,0,0
devalue,2009,0,0
devalued,2009,0,0
devalues,2009,0,0
devaluing,2009,0,0
devastate,2009,0,0
devastated,2009,0,0
devastating,2009,0,0
devastation,2009,0,0
deviate,2009,0,2009
deviated,2009,0,2009
deviates,2009,0,2009
deviating,2009,0,2009
deviation,2009,0,2009
deviations,2009,0,2009
devolve,2009,0,0
devolved,2009,0,0
devolves,2009,0,0
devolving,2009,0,0
differ,0,0,2009
differed,0,0,2009
differing,0,0,2009
differs,0,0,2009
difficult,2009,0,0
difficulties,2009,0,0
difficultly,2009,0,0
difficulty,2009,0,0
diligent,0,2009,0
diligently,0,2009,0
diminish,2009,0,0
diminished,2009,0,0
diminishes,2009,0,0
diminishing,2009,0,0
diminution,2009,0,0
disadvantage,2009,0,0
disadvantaged,2009,0,0
disadvantageous,2009,0,0
disadvantages,2009,0,0
disaffiliation,2009,0,0
disagree,2009,0,0
disagreeable,2009,0,0
disagreed,2009,0,0
disagreeing,2009,0,0
disagreement,2009,0,0
disagreements,2009,0,0
disagrees,2009,0,0
disallow,2009,0,0
disallowance,2009,0,0
disallowances,2009,0,0
disallowed,2009,0,0
disallowing,2009,0,0
disallows,2009,0,0
disappear,2009,0,0
disappearance,2009,0,0
disappearances,2009,0,0
disappeared,2009,0,0
disappearing,2009,0,0
disappears,2009,0,0
disappoint,2009,0,0
disappointed,2009,0,0
disappointing,2009,0,0
disappointingly,2009,0,0
disappointment,2009,0,0
disappointments,2009,0,0
disappoints,2009,0,0
disapproval,2009,0,0
disapprovals,2009,0,0
disapprove,2009,0,0
disapproved,2009,0,0
disapproves,2009,0,0
disapproving,2009,0,0
disassociates,2009,0,0
disassociating,2009,0,0
disassociation,2009,0,0
disassociations,2009,0,0
disaster,2009,0,0
disasters,2009,0,0
disastrous,2009,0,0
disastrously,2009,0,0
disavow,2009,0,0
disavowal,2009,0,0
disavowed,2009,0,0
disavowing,2009,0,0
disavows,2009,0,0
disciplinary,2009,0,0
disclaim,2009,0,0
disclaimed,2009,0,0
disclaimer,2009,0,0
disclaimers,2009,0,0
disclaiming,2009,0,0
disclaims,2009,0,0
disclose,2009,0,0
disclosed,2009,0,0
discloses,2009,0,0
disclosing,2009,0,0
discontinuance,2009,0,0
discontinuances,2009,0,0
discontinuation,2009,0,0
discontinuations,2009,0,0
discontinue,2009,0,0
discontinued,2009,0,0
discontinues,2009,0,0
discontinuing,2009,0,0
discourage,2009,0,0
discouraged,2009,0,0
discourages,2009,0,0
discouraging,2009,0,0
discredit,2009,0,0
discredited,2009,0,0
discrediting,2009,0,0
discredits,2009,0,0
discrepancies,2009,0,0
discrepancy,2009,0,0
disfavor,2009,0,0
disfavored,2009,0,0
disfavoring,2009,0,0
disfavors,2009,0,0
disgorge,2009,0,0
disgorged,2009,0,0
disgorgement,2009,0,0
disgorgements,2009,0,0
disgorges,2009,0,0
disgorging,2009,0,0
disgrace,2009,0,0
disgraceful,2009,0,0
disgracefully,2009,0,0
dishonest,2009,0,0
dishonestly,2009,0,0
dishonesty,2009,0,0
dishonor,2009,0,0
dishonorable,2009,0,0
dishonorably,2009,0,0
dishonored,2009,0,0
dishonoring,2009,0,0
dishonors,2009,0,0
disincentives,2009,0,0
disinterested,2009,0,0
disinterestedly,2009,0,0
disinterestedness,2009,0,0
disloyal,2009,0,0
disloyally,2009,0,0
disloyalty,2009,0,0
dismal,2009,0,0
dismally,2009,0,0
dismiss,2009,0,0
dismissal,2009,0,0
dismissals,2009,0,0
dismissed,2009,0,0
dismisses,2009,0,0
dismissing,2009,0,0
disorderly,2009,0,0
disparage,2009,0,0
disparaged,2009,0,0
disparagement,2009,0,0
disparagements,2009,0,0
disparages,2009,0,0
disparaging,2009,0,0
disparagingly,2009,0,0
disparities,2009,0,0
disparity,2009,0,0
displace,2009,0,0
displaced,2009,0,0
displacement,2009,0,0
displacements,2009,0,0
displaces,2009,0,0
displacing,2009,0,0
dispose,2009,0,0
dispossess,2009,0,0
dispossessed,2009,0,0
dispossesses,2009,0,0
dispossessing,2009,0,0
disproportion,2009,0,0
disproportional,2009,0,0
disproportionate,2009,0,0
disproportionately,2009,0,0
dispute,2009,0,0
disputed,2009,0,0
disputes,2009,0,0
disputing,2009,0,0
disqualification,2009,0,0
disqualifications,2009,0,0
disqualified,2009,0,0
disqualifies,2009,0,0
disqualify,2009,0,0
disqualifying,2009,0,0
disregard,2009,0,0
disregarded,2009,0,0
disregarding,2009,0,0
disregards,2009,0,0
disreputable,2009,0,0
disrepute,2009,0,0
disrupt,2009,0,0
disrupted,2009,0,0
disrupting,2009,0,0
disruption,2009,0,0
disruptions,2009,0,0
disruptive,2009,0,0
disrupts,2009,0,0
dissatisfaction,2009,0,0
dissatisfied,2009,0,0
dissent,2009,0,0
dissented,2009,0,0
dissenter,2009,0,0
dissenters,2009,0,0
dissenting,2009,0,0
dissents,2009,0,0
dissident,2009,0,0
dissidents,2009,0,0
dissolution,2009,0,0
dissolutions,2009,0,0
distinction,0,2009,0
distinctions,0,2009,0
distinctive,0,2009,0
distinctively,0,2009,0
distinctiveness,0,2009,0
distort,2009,0,0
distorted,2009,0,0
distorting,2009,0,0
distortion,2009,0,0
distortions,2009,0,0
distorts,2009,0,0
distract,2009,0,0
distracted,2009,0,0
distracting,2009,0,0
distraction,2009,0,0
distractions,2009,0,0
distracts,2009,0,0
distress,2009,0,0
distressed,2009,0,0
disturb,2009,0,0
disturbance,2009,0,0
disturbances,2009,0,0
disturbed,2009,0,0
disturbing,2009,0,0
disturbs,2009,0,0
diversion,2009,0,0
divert,2009,0,0
diverted,2009,0,0
diverting,2009,0,0
diverts,2009,0,0
divest,2009,0,0
divested,2009,0,0
divesting,2009,0,0
divestiture,2009,0,0
divestitures,2009,0,0
divestment,2009,0,0
divestments,2009,0,0
divests,2009,0,0
divorce,2009,0,0
divorced,2009,0,0
divulge,2009,0,0
divulged,2009,0,0
divulges,2009,0,0
divulging,2009,0,0
doubt,2009,0,2009
doubted,2009,0,2009
doubtful,2009,0,2009
doubts,2009,0,2009
downgrade,2009,0,0
downgraded,2009,0,0
downgrades,2009,0,0
downgrading,2009,0,0
downsize,2009,0,0
downsized,2009,0,0
downsizes,2009,0,0
downsizing,2009,0,0
downsizings,2009,0,0
downtime,2009,0,0
downtimes,2009,0,0
downturn,2009,0,0
downturns,2009,0,0
downward,2009,0,0
downwards,2009,0,0
drag,2009,0,0
drastic,2009,0,0
drastically,2009,0,0
drawback,2009,0,0
drawbacks,2009,0,0
dream,0,2009,0
dropped,2009,0,0
drought,2009,0,0
droughts,2009,0,0
duress,2009,0,0
dysfunction,2009,0,0
dysfunctional,2009,0,0
dysfunctions,2009,0,0
easier,0,2009,0
easily,0,2009,0
easing,2009,0,0
easy,0,2009,0
effective,0,-2020,0
efficiencies,0,2009,0
efficiency,0,2009,0
efficient,0,2009,0
efficiently,0,2009,0
egregious,2009,0,0
egregiously,2009,0,0
embargo,2009,0,0
embargoed,2009,0,0
embargoes,2009,0,0
embargoing,2009,0,0
embarrass,2009,0,0
embarrassed,2009,0,0
embarrasses,2009,0,0
embarrassing,2009,0,0
embarrassment,2009,0,0
embarrassments,2009,0,0
embezzle,2009,0,0
embezzled,2009,0,0
embezzlement,2009,0,0
embezzlements,2009,0,0
embezzler,2009,0,0
embezzles,2009,0,0
embezzling,2009,0,0
empower,0,2009,0
empowered,0,2009,0
empowering,0,2009,0
empowers,0,2009,0
enable,0,2009,0
enabled,0,2009,0
enables,0,2009,0
enabling,0,2009,0
encouraged,0,2009,0
encouragement,0,2009,0
encourages,0,2009,0
encouraging,0,2009,0
encroach,2009,0,0
encroached,2009,0,0
encroaches,2009,0,0
encroaching,2009,0,0
encroachment,2009,0,0
encroachments,2009,0,0
encumber,2009,0,0
encumbered,2009,0,0
encumbering,2009,0,0
encumbers,2009,0,0
encumbrance,2009,0,0
encumbrances,2009,0,0
endanger,2009,0,0
endangered,2009,0,0
endangering,2009,0,0
endangerment,2009,0,0
endangers,2009,0,0
enhance,0,2009,0
enhanced,0,2009,0
enhancement,0,2009,0
enhancements,0,2009,0
enhances,0,2009,0
enhancing,0,2009,0
enjoin,2009,0,0
enjoined,2009,0,0
enjoining,2009,0,0
enjoins,2009,0,0
enjoy,0,2009,0
enjoyable,0,2009,0
enjoyably,0,2009,0
enjoyed,0,2009,0
enjoying,0,2009,0
enjoyment,0,2009,0
enjoys,0,2009,0
enthusiasm,0,2009,0
enthusiastic,0,2009,0
enthusiastically,0,2009,0
erode,2009,0,0
eroded,2009,0,0
erodes,2009,0,0
eroding,2009,0,0
erosion,2009,0,0
erratic,2009,0,0
erratically,2009,0,0
erred,2009,0,0
erring,2009,0,0
erroneous,2009,0,0
erroneously,2009,0,0
error,2009,0,0
errors,2009,0,0
errs,2009,0,0
escalate,2009,0,0
escalated,2009,0,0
escalates,2009,0,0
escalating,2009,0,0
evade,2009,0,0
evaded,2009,0,0
evades,2009,0,0
evading,2009,0,0
evasion,2009,0,0
evasions,2009,0,0
evasive,2009,0,0
evict,2009,0,0
evicted,2009,0,0
evicting,2009,0,0
eviction,2009,0,0
evictions,2009,0,0
evicts,2009,0,0
exacerbate,2009,0,0
exacerbated,2009,0,0
exacerbates,2009,0,0
exacerbating,2009,0,0
exacerbation,2009,0,0
exacerbations,2009,0,0
exaggerate,2009,0,0
exaggerated,2009,0,0
exaggerates,2009,0,0
exaggerating,2009,0,0
exaggeration,2009,0,0
excellence,0,2009,0
excellent,0,2009,0
excelling,0,2009,0
excels,0,2009,0
exceptional,0,2009,0
exceptionally,0,2009,0
excessive,2009,0,0
excessively,2009,0,0
excited,0,2009,0
excitement,0,2009,0
exciting,0,2009,0
exclusive,0,2009,0
exclusively,0,2009,0
exclusiveness,0,2009,0
exclusives,0,2009,0
exclusivity,0,2009,0
exculpate,2009,0,0
exculpated,2009,0,0
exculpates,2009,0,0
exculpating,2009,0,0
exculpation,2009,0,0
exculpations,2009,0,0
exculpatory,2009,0,0
exemplary,0,2009,0
exonerate,2009,0,0
exonerated,2009,0,0
exonerates,2009,0,0
exonerating,2009,0,0
exoneration,2009,0,0
exonerations,2009,0,0
exploit,2009,0,0
exploitation,2009,0,0
exploitations,2009,0,0
exploitative,2009,0,0
exploited,2009,0,0
exploiting,2009,0,0
exploits,2009,0,0
expose,2009,0,0
exposed,2009,0,0
exposes,2009,0,0
exposing,2009,0,0
exposure,0,0,2009
exposures,0,0,2009
expropriate,2009,0,0
expropriated,2009,0,0
expropriates,2009,0,0
expropriating,2009,0,0
expropriation,2009,0,0
expropriations,2009,0,0
expulsion,2009,0,0
expulsions,2009,0,0
extenuating,2009,0,0
fail,2009,0,0
failed,2009,0,0
failing,2009,0,0
failings,2009,0,0
fails,2009,0,0
failure,2009,0,0
failures,2009,0,0
fallout,2009,0,0
false,2009,0,0
falsely,2009,0,0
falsification,2009,0,0
falsifications,2009,0,0
falsified,2009,0,0
falsifies,2009,0,0
falsify,2009,0,0
falsifying,2009,0,0
falsity,2009,0,0
fantastic,0,2009,0
fatalities,2009,0,0
fatality,2009,0,0
fatally,2009,0,0
fault,2009,0,0
faulted,2009,0,0
faults,2009,0,0
faulty,2009,0,0
favorable,0,2009,0
favorably,0,2009,0
favored,0,2009,0
favoring,0,2009,0
favorite,0,2009,0
favorites,0,2009,0
fear,2009,0,0
fears,2009,0,0
felonies,2009,0,0
felonious,2009,0,0
felony,2009,0,0
fictitious,2009,0,0
fined,2009,0,0
fines,2009,0,0
fired,2009,0,0
firing,2009,0,0
flaw,2009,0,0
flawed,2009,0,0
flaws,2009,0,0
fluctuate,0,0,2009
fluctuated,0,0,2009
fluctuates,0,0,2009
fluctuating,0,0,2009
fluctuation,0,0,2009
fluctuations,0,0,2009
forbid,2009,0,0
forbidden,2009,0,0
forbidding,2009,0,0
forbids,2009,0,0
force,-2020,0,0
forced,2009,0,0
forcing,2009,0,0
foreclose,2009,0,0
foreclosed,2009,0,0
forecloses,2009,0,0
foreclosing,2009,0,0
foreclosure,2009,0,0
foreclosures,2009,0,0
forego,2009,0,0
foregoes,2009,0,0
foregone,2009,0,0
forestall,2009,0,0
forestalled,2009,0,0
forestalling,2009,0,0
forestalls,2009,0,0
forfeit,2009,0,0
forfeited,2009,0,0
forfeiting,2009,0,0
forfeits,2009,0,0
forfeiture,2009,0,0
forfeitures,2009,0,0
forgers,2009,0,0
forgery,2009,0,0
fraud,2009,0,0
frauds,2009,0,0
fraudulence,2009,0,0
fraudulent,2009,0,0
fraudulently,2009,0,0
friendly,0,2009,0
frivolous,2009,0,0
frivolously,2009,0,0
frustrate,2009,0,0
frustrated,2009,0,0
frustrates,2009,0,0
frustrating,2009,0,0
frustratingly,2009,0,0
frustration,2009,0,0
frustrations,2009,0,0
fugitive,-2020,0,0
fugitives,2009,0,0
gain,0,2009,0
gained,0,2009,0
gaining,0,2009,0
gains,0,2009,0
good,0,2009,0
gratuitous,2009,0,0
gratuitously,2009,0,0
great,0,-2020,0
greater,0,-2020,0
greatest,0,2009,0
greatly,0,2009,0
greatness,0,2009,0
grievance,2009,0,0
grievances,2009,0,0
grossly,2009,0,0
groundless,2009,0,0
guilty,2009,0,0
halt,2009,0,0
halted,2009,0,0
hamper,2009,0,0
hampered,2009,0,0
hampering,2009,0,0
hampers,2009,0,0
happiest,0,2009,0
happily,0,2009,0
happiness,0,2009,0
happy,0,2009,0
harass,2009,0,0
harassed,2009,0,0
harassing,2009,0,0
harassment,2009,0,0
hardship,2009,0,0
hardships,2009,0,0
harm,2009,0,0
harmed,2009,0,0
harmful,2009,0,0
harmfully,2009,0,0
harming,2009,0,0
harms,2009,0,0
harsh,2009,0,0
harsher,2009,0,0
harshest,2009,0,0
harshly,2009,0,0
harshness,2009,0,0
hazard,2009,0,0
hazardous,2009,0,0
hazards,2009,0,0
hidden,0,0,2009
highest,0,2009,0
hinder,2009,0,0
hindered,2009,0,0
hindering,2009,0,0
hinders,2009,0,0
hindrance,2009,0,0
hindrances,2009,0,0
hinges,0,0,2009
honor,0,2009,0
honorable,0,-2020,0
honored,0,2009,0
honoring,0,2009,0
honors,0,2009,0
hostile,2009,0,0
hostility,2009,0,0
hurt,2009,0,0
hurting,2009,0,0
ideal,0,2009,0
idle,2009,0,0
idled,2009,0,0
idling,2009,0,0
ignore,2009,0,0
ignored,2009,0,0
ignores,2009,0,0
ignoring,2009,0,0
ill,2009,0,0
illegal,2009,0,0
illegalities,2009,0,0
illegality,2009,0,0
illegally,2009,0,0
illegible,2009,0,0
illicit,2009,0,0
illicitly,2009,0,0
illiquid,2009,0,0
illiquidity,2009,0,0
imbalance,2009,0,0
imbalances,2009,0,0
immature,2009,0,0
immoral,2009,0,0
impair,2009,0,0
impaired,2009,0,0
impairing,2009,0,0
impairment,2009,0,0
impairments,2009,0,0
impairs,2009,0,0
impasse,2009,0,0
impasses,2009,0,0
impede,2009,0,0
impeded,2009,0,0
impedes,2009,0,0
impediment,2009,0,0
impediments,2009,0,0
impeding,2009,0,0
impending,2009,0,0
imperative,2009,0,0
imperfection,2009,0,0
imperfections,2009,0,0
imperil,2009,0,0
impermissible,2009,0,0
implicate,2009,0,0
implicated,2009,0,0
implicates,2009,0,0
implicating,2009,0,0
impossibility,2009,0,0
impossible,2009,0,0
impound,2009,0,0
impounded,2009,0,0
impounding,2009,0,0
impounds,2009,0,0
impracticable,2009,0,0
impractical,2009,0,0
impracticalities,2009,0,0
impracticality,2009,0,0
imprecise,0,0,2009
imprecision,0,0,2009
imprecisions,0,0,2009
impress,0,2009,0
impressed,0,2009,0
impresses,0,2009,0
impressing,0,2009,0
impressive,0,2009,0
impressively,0,2009,0
imprisonment,2009,0,0
improbability,0,0,2009
improbable,0,0,2009
improper,2009,0,0
improperly,2009,0,0
improprieties,2009,0,0
impropriety,2009,0,0
improve,0,2009,0
improved,0,2009,0
improvement,0,2009,0
improvements,0,2009,0
improves,0,2009,0
improving,0,2009,0
imprudent,2009,0,0
imprudently,2009,0,0
inability,2009,0,0
inaccessible,2009,0,0
inaccuracies,2009,0,0
inaccuracy,2009,0,0
inaccurate,2009,0,0
inaccurately,2009,0,0
inaction,2009,0,0
inactions,2009,0,0
inactivate,2009,0,0
inactivated,2009,0,0
inactivates,2009,0,0
inactivating,2009,0,0
inactivation,2009,0,0
inactivations,2009,0,0
inactivity,2009,0,0
inadequacies,2009,0,0
inadequacy,2009,0,0
inadequate,2009,0,0
inadequately,2009,0,0
inadvertent,2009,0,0
inadvertently,2009,0,0
inadvisability,2009,0,0
inadvisable,2009,0,0
inappropriate,2009,0,0
inappropriately,2009,0,0
inattention,2009,0,0
incapable,2009,0,0
incapacitated,2009,0,0
incapacity,2009,0,0
incarcerate,2009,0,0
incarcerated,2009,0,0
incarcerates,2009,0,0
incarcerating,2009,0,0
incarceration,2009,0,0
incarcerations,2009,0,0
incidence,2009,0,0
incidences,2009,0,0
incident,2009,0,0
incidents,2009,0,0
incompatibilities,2009,0,0
incompatibility,2009,0,0
incompatible,2009,0,0
incompetence,2009,0,0
incompetency,2009,0,0
incompetent,2009,0,0
incompetently,2009,0,0
incompetents,2009,0,0
incomplete,2009,0,0
incompletely,2009,0,0
incompleteness,2009,0,2009
inconclusive,2009,0,0
inconsistencies,2009,0,0
inconsistency,2009,0,0
inconsistent,2009,0,0
inconsistently,2009,0,0
inconvenience,2009,0,0
inconveniences,2009,0,0
inconvenient,2009,0,0
incorrect,2009,0,0
incorrectly,2009,0,0
incorrectness,2009,0,0
incredible,0,2009,0
incredibly,0,2009,0
indecency,2009,0,0
indecent,2009,0,0
indefeasible,2009,0,0
indefeasibly,2009,0,0
indefinite,0,0,2009
indefinitely,0,0,2009
indefiniteness,0,0,2009
indeterminable,0,0,2009
indeterminate,0,0,2009
indict,2009,0,0
indictable,2009,0,0
indicted,2009,0,0
indicting,2009,0,0
indictment,2009,0,0
indictments,2009,0,0
ineffective,2009,0,0
ineffectively,2009,0,0
ineffectiveness,2009,0,0
inefficiencies,2009,0,0
inefficiency,2009,0,0
inefficient,2009,0,0
inefficiently,2009,0,0
ineligibility,2009,0,0
ineligible,2009,0,0
inequitable,2009,0,0
inequitably,2009,0,0
inequities,2009,0,0
inequity,2009,0,0
inevitable,2009,0,0
inexact,0,0,2009
inexactness,0,0,2009
inexperience,2009,0,0
inexperienced,2009,0,0
inferior,2009,0,0
inflicted,2009,0,0
influential,0,2009,0
informative,0,2009,0
infraction,2009,0,0
infractions,2009,0,0
infringe,2009,0,0
infringed,2009,0,0
infringement,2009,0,0
infringements,2009,0,0
infringes,2009,0,0
infringing,2009,0,0
ingenuity,0,2009,0
inhibited,2009,0,0
inimical,2009,0,0
injunction,2009,0,0
injunctions,2009,0,0
injure,2009,0,0
injured,2009,0,0
injures,2009,0,0
injuries,2009,0,0
injuring,2009,0,0
injurious,2009,0,0
injury,2009,0,0
innovate,0,2009,0
innovated,0,2009,0
innovates,0,2009,0
innovating,0,2009,0
innovation,0,2009,0
innovations,0,2009,0
innovative,0,2009,0
innovativeness,0,2011,0
innovator,0,2009,0
innovators,0,2009,0
inordinate,2009,0,0
inordinately,2009,0,0
inquiry,2009,0,0
insecure,2009,0,0
insensitive,2009,0,0
insightful,0,2009,0
insolvencies,2009,0,0
insolvency,2009,0,0
insolvent,2009,0,0
inspiration,0,2009,0
inspirational,0,2009,0
instabilities,0,0,2009
instability,2009,0,2009
insubordination,2009,0,0
insufficiency,2009,0,0
insufficient,2009,0,0
insufficiently,2009,0,0
insurrection,2009,0,0
insurrections,2009,0,0
intangible,0,0,2009
intangibles,0,0,2009
integrity,0,2009,0
intentional,2009,0,0
interfere,2009,0,0
interfered,2009,0,0
interference,2009,0,0
interferences,2009,0,0
interferes,2009,0,0
interfering,2009,0,0
intermittent,2009,0,0
intermittently,2009,0,0
interrupt,2009,0,0
interrupted,2009,0,0
interrupting,2009,0,0
interruption,2009,0,0
interruptions,2009,0,0
interrupts,2009,0,0
intimidation,2009,0,0
intrusion,2009,0,0
invalid,2009,0,0
invalidate,2009,0,0
invalidated,2009,0,0
invalidates,2009,0,0
invalidating,2009,0,0
invalidation,2009,0,0
invalidity,2009,0,0
invent,0,2009,0
invented,0,2009,0
inventing,0,2009,0
invention,0,2009,0
inventions,0,2009,0
inventive,0,2009,0
inventiveness,0,2009,0
inventor,0,2009,0
inventors,0,2009,0
investigate,2009,0,0
investigated,2009,0,0
investigates,2009,0,0
investigating,2009,0,0
investigation,2009,0,0
investigations,2009,0,0
involuntarily,2009,0,0
involuntary,2009,0,0
irreconcilable,2009,0,0
irreconcilably,2009,0,0
irrecoverable,2009,0,0
irrecoverably,2009,0,0
irregular,2009,0,0
irregularities,2009,0,0
irregularity,2009,0,0
irregularly,2009,0,0
irreparable,2009,0,0
irreparably,2009,0,0
irreversible,2009,0,0
jeopardize,2009,0,0
jeopardized,2009,0,0
justifiable,2009,0,0
kickback,2009,0,0
kickbacks,2009,0,0
knowingly,2009,0,0
lack,2009,0,0
lacked,2009,0,0
lacking,2009,0,0
lackluster,2009,0,0
lacks,2009,0,0
lag,2009,0,0
lagged,2009,0,0
lagging,2009,0,0
lags,2009,0,0
lapse,2009,0,0
lapsed,2009,0,0
lapses,2009,0,0
lapsing,2009,0,0
late,-2020,0,0
laundering,2009,0,0
layoff,2009,0,0
layoffs,2009,0,0
leadership,0,2009,0
leading,0,2009,0
lie,2009,0,0
likelihood,0,0,2009
limitation,2009,0,0
limitations,2009,0,0
lingering,2009,0,0
liquidate,2009,0,0
liquidated,2009,0,0
liquidates,2009,0,0
liquidating,2009,0,0
liquidation,2009,0,0
liquidations,2009,0,0
liquidator,2009,0,0
liquidators,2009,0,0
litigant,2009,0,0
litigants,2009,0,0
litigate,2009,0,0
litigated,2009,0,0
litigates,2009,0,0
litigating,2009,0,0
litigation,2009,0,0
litigations,2009,0,0
lockout,2009,0,0
lockouts,2009,0,0
lose,2009,0,0
loses,2009,0,0
losing,2009,0,0
loss,2009,0,0
losses,2009,0,0
lost,2009,0,0
loyal,0,2009,0
lucrative,0,2009,0
lying,2009,0,0
malfeasance,2009,0,0
malfunction,2009,0,0
malfunctioned,2009,0,0
malfunctioning,2009,0,0
malfunctions,2009,0,0
malice,2009,0,0
malicious,2009,0,0
maliciously,2009,0,0
malpractice,2009,0,0
manipulate,2009,0,0
manipulated,2009,0,0
manipulates,2009,0,0
manipulating,2009,0,0
manipulation,2009,0,0
manipulations,2009,0,0
manipulative,2009,0,0
markdown,2009,0,0
markdowns,2009,0,0
may,0,0,2009
maybe,0,0,2009
meritorious,0,2009,0
might,0,0,2009
misapplication,2009,0,0
misapplications,2009,0,0
misapplied,2009,0,0
misapplies,2009,0,0
misapply,2009,0,0
misapplying,2009,0,0
misappropriate,2009,0,0
misappropriated,2009,0,0
misappropriates,2009,0,0
misappropriating,2009,0,0
misappropriation,2009,0,0
misappropriations,2009,0,0
misbranded,2009,0,0
miscalculate,2009,0,0
miscalculated,2009,0,0
miscalculates,2009,0,0
miscalculating,2009,0,0
miscalculation,2009,0,0
miscalculations,2009,0,0
mischaracterization,2014,0,0
mischief,2009,0,0
misclassification,2011,0,0
misclassifications,2014,0,0
misclassified,2011,0,0
misclassify,2014,0,0
miscommunication,2014,0,0
misconduct,2009,0,0
misdated,2011,0,0
misdemeanor,2009,0,0
misdemeanors,2009,0,0
misdirected,2009,0,0
mishandle,2009,0,0
mishandled,2009,0,0
mishandles,2009,0,0
mishandling,2009,0,0
misinform,2009,0,0
misinformation,2009,0,0
misinformed,2009,0,0
misinforming,2009,0,0
misinforms,2009,0,0
misinterpret,2009,0,0
misinterpretation,2009,0,0
misinterpretations,2009,0,0
misinterpreted,2009,0,0
misinterpreting,2009,0,0
misinterprets,2009,0,0
misjudge,2009,0,0
misjudged,2009,0,0
misjudges,2009,0,0
misjudging,2009,0,0
misjudgment,2009,0,0
misjudgments,2009,0,0
mislabel,2009,0,0
mislabeled,2009,0,0
mislabeling,2009,0,0
mislabelled,2009,0,0
mislabels,2009,0,0
mislead,2009,0,0
misleading,2009,0,0
misleadingly,2009,0,0
misleads,2009,0,0
misled,2009,0,0
mismanage,2009,0,0
mismanaged,2009,0,0
mismanagement,2009,0,0
mismanages,2009,0,0
mismanaging,2009,0,0
mismatch,2009,0,0
mismatched,2009,0,0
mismatches,2009,0,0
mismatching,2009,0,0
misplaced,2009,0,0
misprice,2014,0,0
mispricing,2014,0,0
mispricings,2014,0,0
misrepresent,2009,0,0
misrepresentation,2009,0,0
misrepresentations,2009,0,0
misrepresented,2009,0,0
misrepresenting,2009,0,0
misrepresents,2009,0,0
miss,2009,0,0
missed,2009,0,0
misses,2009,0,0
misstate,2009,0,0
misstated,2009,0,0
misstatement,2009,0,0
misstatements,2009,0,0
misstates,2009,0,0
misstating,2009,0,0
misstep,2009,0,0
missteps,2009,0,0
mistake,2009,0,0
mistaken,2009,0,0
mistakenly,2009,0,0
mistakes,2009,0,0
mistaking,2009,0,0
mistrial,2009,0,0
mistrials,2009,0,0
misunderstand,2009,0,0
misunderstanding,2009,0,0
misunderstandings,2009,0,0
misunderstood,2009,0,0
misuse,2009,0,0
misused,2009,0,0
misuses,2009,0,0
misusing,2009,0,0
monopolistic,2009,0,0
monopolists,2009,0,0
monopolization,2009,0,0
monopolize,2009,0,0
monopolized,2009,0,0
monopolizes,2009,0,0
monopolizing,2009,0,0
monopoly,2009,0,0
moratoria,2009,0,0
moratorium,2009,0,0
moratoriums,2009,0,0
mothballed,2009,0,0
mothballing,2009,0,0
nearly,0,0,2009
negative,2009,0,0
negatively,2009,0,0
negatives,2009,0,0
neglect,2009,0,0
neglected,2009,0,0
neglectful,2009,0,0
neglecting,2009,0,0
neglects,2009,0,0
negligence,2009,0,0
negligences,2009,0,0
negligent,2009,0,0
negligently,2009,0,0
nonassessable,0,0,2009
nonattainment,2009,0,0
noncompetitive,2009,0,0
noncompliance,2009,0,0
noncompliances,2009,0,0
noncompliant,2009,0,0
noncomplying,2009,0,0
nonconforming,2009,0,0
nonconformities,2009,0,0
nonconformity,2009,0,0
nondisclosure,2009,0,0
nonfunctional,2009,0,0
nonpayment,2009,0,0
nonpayments,2009,0,0
nonperformance,2009,0,0
nonperformances,2009,0,0
nonperforming,2009,0,0
nonproducing,2009,0,0
nonproductive,2009,0,0
nonrecoverable,2009,0,0
nonrenewal,2009,0,0
nuisance,2009,0,0
nuisances,2009,0,0
nullification,2009,0,0
nullifications,2009,0,0
nullified,2009,0,0
nullifies,2009,0,0
nullify,2009,0,0
nullifying,2009,0,0
objected,2009,0,0
objecting,2009,0,0
objection,2009,0,0
objectionable,2009,0,0
objectionably,2009,0,0
objections,2009,0,0
obscene,2009,0,0
obscenity,2009,0,0
obsolescence,2009,0,0
obsolete,2009,0,0
obstacle,2009,0,0
obstacles,2009,0,0
obstruct,2009,0,0
obstructed,2009,0,0
obstructing,2009,0,0
obstruction,2009,0,0
obstructions,2009,0,0
occasionally,0,0,2009
offence,2009,0,0
offences,2009,0,0
offend,2009,0,0
offended,2009,0,0
offender,2009,0,0
offenders,2009,0,0
offending,2009,0,0
offends,2009,0,0
omission,2009,0,0
omissions,2009,0,0
omit,2009,0,0
omits,2009,0,0
omitted,2009,0,0
omitting,2009,0,0
onerous,2009,0,0
opportunistic,2009,0,0
opportunistically,2009,0,0
opportunities,0,2009,0
opportunity,0,2009,0
oppose,2009,0,0
opposed,2009,0,0
opposes,2009,0,0
opposing,2009,0,0
opposition,2009,0,0
oppositions,2009,0,0
optimistic,0,2009,0
ordinarily,0,0,2009
outage,2009,0,0
outages,2009,0,0
outdated,2009,0,0
outmoded,2009,0,0
outperform,0,2009,0
outperformed,0,2009,0
outperforming,0,2009,0
outperforms,0,2009,0
overage,2009,0,0
overages,2009,0,0
overbuild,2009,0,0
overbuilding,2009,0,0
overbuilds,2009,0,0
overbuilt,2009,0,0
overburden,2009,0,0
overburdened,2009,0,0
overburdening,2009,0,0
overcapacities,2009,0,0
overcapacity,2009,0,0
overcharge,2009,0,0
overcharged,2009,0,0
overcharges,2009,0,0
overcharging,2009,0,0
overcome,2009,0,0
overcomes,2009,0,0
overcoming,2009,0,0
overdue,2009,0,0
overestimate,2009,0,0
overestimated,2009,0,0
overestimates,2009,0,0
overestimating,2009,0,0
overestimation,2009,0,0
overestimations,2009,0,0
overload,2009,0,0
overloaded,2009,0,0
overloading,2009,0,0
overloads,2009,0,0
overlook,2009,0,0
overlooked,2009,0,0
overlooking,2009,0,0
overlooks,2009,0,0
overpaid,2009,0,0
overpayment,2009,0,0
overpayments,2009,0,0
overproduced,2009,0,0
overproduces,2009,0,0
overproducing,2009,0,0
overproduction,2009,0,0
overrun,2009,0,0
overrunning,2009,0,0
overruns,2009,0,0
overshadow,2009,0,0
overshadowed,2009,0,0
overshadowing,2009,0,0
overshadows,2009,0,0
overstate,2009,0,0
overstated,2009,0,0
overstatement,2009,0,0
overstatements,2009,0,0
overstates,2009,0,0
overstating,2009,0,0
oversupplied,2009,0,0
oversupplies,2009,0,0
oversupply,2009,0,0
oversupplying,2009,0,0
overtly,2009,0,0
overturn,2009,0,0
overturned,2009,0,0
overturning,2009,0,0
overturns,2009,0,0
overvalue,2009,0,0
overvalued,2009,0,0
overvaluing,2009,0,0
panic,2009,0,0
panics,2009,0,0
penalize,2009,0,0
penalized,2009,0,0
penalizes,2009,0,0
penalizing,2009,0,0
penalties,2009,0,0
penalty,2009,0,0
pending,0,0,2009
perfect,0,2009,0
perfected,0,2009,0
perfectly,0,2009,0
perfects,0,2009,0
perhaps,0,0,2009
peril,2009,0,0
perils,2009,0,0
perjury,2009,0,0
perpetrate,2009,0,0
perpetrated,2009,0,0
perpetrates,2009,0,0
perpetrating,2009,0,0
perpetration,2009,0,0
persist,2009,0,0
persisted,2009,0,0
persistence,2009,0,0
persistent,2009,0,0
persistently,2009,0,0
persisting,2009,0,0
persists,2009,0,0
pervasive,2009,0,0
pervasively,2009,0,0
pervasiveness,2009,0,0
petty,2009,0,0
picket,2009,0,0
picketed,2009,0,0
picketing,2009,0,0
plaintiff,2009,0,0
plaintiffs,2009,0,0
plea,2009,0,0
plead,2009,0,0
pleaded,2009,0,0
pleading,2009,0,0
pleadings,2009,0,0
pleads,2009,0,0
pleas,2009,0,0
pleasant,0,2009,0
pleasantly,0,2009,0
pleased,0,2009,0
pleasure,0,2009,0
pled,2009,0,0
plentiful,0,2009,0
poor,2009,0,0
poorly,2009,0,0
popular,0,2009,0
popularity,0,2009,0
poses,2009,0,0
posing,2009,0,0
positive,0,2009,0
positively,0,2009,0
possibilities,0,0,2009
possibility,0,0,2009
possible,0,0,2009
possibly,0,0,2009
postpone,2009,0,0
postponed,2009,0,0
postponement,2009,0,0
postponements,2009,0,0
postpones,2009,0,0
postponing,2009,0,0
precaution,0,0,2009
precautionary,0,0,2009
precautions,0,0,2009
precipitated,2009,0,0
precipitous,2009,0,0
precipitously,2009,0,0
preclude,2009,0,0
precluded,2009,0,0
precludes,2009,0,0
precluding,2009,0,0
predatory,2009,0,0
predict,0,0,2009
predictability,0,0,2009
predicted,0,0,2009
predicting,0,0,2009
prediction,0,0,2009
predictions,0,0,2009
predictive,0,0,2009
predictor,0,0,2009
predictors,0,0,2009
predicts,0,0,2009
preeminence,0,2009,0
preeminent,0,2009,0
prejudice,2009,0,0
prejudiced,2009,0,0
prejudices,2009,0,0
prejudicial,2009,0,0
prejudicing,2009,0,0
preliminarily,0,0,2009
preliminary,0,0,2009
premature,2009,0,0
prematurely,2009,0,0
premier,0,2009,0
premiere,0,2009,0
pressing,2009,0,0
prestige,0,2009,0
prestigious,0,2009,0
presumably,0,0,2009
presume,0,0,2009
presumed,0,0,2009
presumes,0,0,2009
presuming,0,0,2009
presumption,0,0,2009
presumptions,0,0,2009
pretrial,2009,0,0
preventing,2009,0,0
prevention,2009,0,0
prevents,2009,0,0
proactive,0,2009,0
proactively,0,2009,0
probabilistic,0,0,2009
probabilities,0,0,2009
probability,0,0,2009
probable,0,0,2009
probably,0,0,2009
problem,2009,0,0
problematic,2009,0,0
problematical,2009,0,0
problems,2009,0,0
proficiency,0,2009,0
proficient,0,2009,0
proficiently,0,2009,0
profitability,0,2009,0
profitable,0,2009,0
profitably,0,2009,0
progress,0,2009,0
progressed,0,2009,0
progresses,0,2009,0
progressing,0,2009,0
prolong,2009,0,0
prolongation,2009,0,0
prolongations,2009,0,0
prolonged,2009,0,0
prolonging,2009,0,0
prolongs,2009,0,0
prone,2009,0,0
prosecute,2009,0,0
prosecuted,2009,0,0
prosecutes,2009,0,0
prosecuting,2009,0,0
prosecution,2009,0,0
prosecutions,2009,0,0
prospered,0,2009,0
prospering,0,2009,0
prosperity,0,2009,0
prosperous,0,2009,0
prospers,0,2009,0
protest,2009,0,0
protested,2009,0,0
protester,2009,0,0
protesters,2009,0,0
protesting,2009,0,0
protestor,2009,0,0
protestors,2009,0,0
protests,2009,0,0
protracted,2009,0,0
protraction,2009,0,0
provoke,2009,0,0
provoked,2009,0,0
provokes,2009,0,0
provoking,2009,0,0
punished,2009,0,0
punishes,2009,0,0
punishing,2009,0,0
punishment,2009,0,0
punishments,2009,0,0
punitive,2009,0,0
purport,2009,0,0
purported,2009,0,0
purportedly,2009,0,0
purporting,2009,0,0
purports,2009,0,0
question,2009,0,0
questionable,2009,0,0
questionably,2009,0,0
questioned,2009,0,0
questioning,2009,0,0
questions,2009,0,0
quit,2009,0,0
quitting,2009,0,0
racketeer,2009,0,0
racketeering,2009,0,0
random,0,0,2009
randomize,0,0,2009
randomized,0,0,2009
randomizes,0,0,2009
randomizing,0,0,2009
randomly,0,0,2009
randomness,0,0,2009
rationalization,2009,0,0
rationalizations,2009,0,0
rationalize,2009,0,0
rationalized,2009,0,0
rationalizes,2009,0,0
rationalizing,2009,0,0
reassess,0,0,2009
reassessed,0,0,2009
reassesses,0,0,2009
reassessing,0,0,2009
reassessment,2009,0,2009
reassessments,2009,0,2009
reassign,2009,0,0
reassigned,2009,0,0
reassigning,2009,0,0
reassignment,2009,0,0
reassignments,2009,0,0
reassigns,2009,0,0
rebound,0,2009,0
rebounded,0,2009,0
rebounding,0,2009,0
recalculate,0,0,2009
recalculated,0,0,2009
recalculates,0,0,2009
recalculating,0,0,2009
recalculation,0,0,2009
recalculations,0,0,2009
recall,2009,0,0
recalled,2009,0,0
recalling,2009,0,0
recalls,2009,0,0
receptive,0,2009,0
recession,2009,0,0
recessionary,2009,0,0
recessions,2009,0,0
reckless,2009,0,0
recklessly,2009,0,0
recklessness,2009,0,0
reconsider,0,0,2009
reconsidered,0,0,2009
reconsidering,0,0,2009
reconsiders,0,0,2009
redact,2009,0,0
redacted,2009,0,0
redacting,2009,0,0
redaction,2009,0,0
redactions,2009,0,0
redefault,2014,0,0
redefaulted,2012,0,0
redefaults,2014,0,0
redress,2009,0,0
redressed,2009,0,0
redresses,2009,0,0
redressing,2009,0,0
reexamination,0,0,2009
reexamine,0,0,2009
reexamining,0,0,2009
refusal,2009,0,0
refusals,2009,0,0
refuse,2009,0,0
refused,2009,0,0
refuses,2009,0,0
refusing,2009,0,0
regain,0,2009,0
regained,0,2009,0
regaining,0,2009,0
reinterpret,0,0,2009
reinterpretation,0,0,2009
reinterpretations,0,0,2009
reinterpreted,0,0,2009
reinterpreting,0,0,2009
reinterprets,0,0,2009
reject,2009,0,0
rejected,2009,0,0
rejecting,2009,0,0
rejection,2009,0,0
rejections,2009,0,0
rejects,2009,0,0
relinquish,2009,0,0
relinquished,2009,0,0
relinquishes,2009,0,0
relinquishing,2009,0,0
relinquishment,2009,0,0
relinquishments,2009,0,0
reluctance,2009,0,0
reluctant,2009,0,0
renegotiate,2009,0,0
renegotiated,2009,0,0
renegotiates,2009,0,0
renegotiating,2009,0,0
renegotiation,2009,0,0
renegotiations,2009,0,0
renounce,2009,0,0
renounced,2009,0,0
renouncement,2009,0,0
renouncements,2009,0,0
renounces,2009,0,0
renouncing,2009,0,0
reparation,2009,0,0
reparations,2009,0,0
repossessed,2009,0,0
repossesses,2009,0,0
repossessing,2009,0,0
repossession,2009,0,0
repossessions,2009,0,0
repudiate,2009,0,0
repudiated,2009,0,0
repudiates,2009,0,0
repudiating,2009,0,0
repudiation,2009,0,0
repudiations,2009,0,0
resign,2009,0,0
resignation,2009,0,0
resignations,2009,0,0
resigned,2009,0,0
resigning,2009,0,0
resigns,2009,0,0
resolve,0,2009,0
restate,2009,0,0
restated,2009,0,0
restatement,2009,0,0
restatements,2009,0,0
restates,2009,0,0
restating,2009,0,0
restructure,2009,0,0
restructured,2009,0,0
restructures,2009,0,0
restructuring,2009,0,0
restructurings,2009,0,0
retaliate,2009,0,0
retaliated,2009,0,0
retaliates,2009,0,0
retaliating,2009,0,0
retaliation,2009,0,0
retaliations,2009,0,0
retaliatory,2009,0,0
retribution,2009,0,0
retributions,2009,0,0
revise,0,0,2009
revised,0,0,2009
revocation,2009,0,0
revocations,2009,0,0
revoke,2009,0,0
revoked,2009,0,0
revokes,2009,0,0
revoking,2009,0,0
revolutionize,0,2009,0
revolutionized,0,2009,0
revolutionizes,0,2009,0
revolutionizing,0,2009,0
reward,0,2009,0
rewarded,0,2009,0
rewarding,0,2009,0
rewards,0,-2020,0
ridicule,2009,0,0
ridiculed,2009,0,0
ridicules,2009,0,0
ridiculing,2009,0,0
risk,0,0,2009
risked,0,0,2009
riskier,2009,0,2009
riskiest,2009,0,2009
riskiness,0,0,2009
risking,0,0,2009
risks,0,0,2009
risky,2009,0,2009
roughly,0,0,2009
rumors,0,0,2009
sabotage,2009,0,0
sacrifice,2009,0,0
sacrificed,2009,0,0
sacrifices,2009,0,0
sacrificial,2009,0,0
sacrificing,2009,0,0
satisfaction,0,2009,0
satisfactorily,0,2009,0
satisfactory,0,2009,0
satisfied,0,2009,0
satisfies,0,2009,0
satisfy,0,2009,0
satisfying,0,2009,0
scandalous,2009,0,0
scandals,2009,0,0
scrutinize,2009,0,0
scrutinized,2009,0,0
scrutinizes,2009,0,0
scrutinizing,2009,0,0
scrutiny,2009,0,0
secrecy,-2020,0,0
seems,0,0,2009
seize,2009,0,0
seized,2009,0,0
seizes,2009,0,0
seizing,2009,0,0
seldom,0,0,2009
seldomly,0,0,2009
sentenced,2009,0,0
sentencing,2009,0,0
serious,2009,0,0
seriously,2009,0,0
seriousness,2009,0,0
setback,2009,0,0
setbacks,2009,0,0
sever,2009,0,0
severe,2009,0,0
severed,2009,0,0
severely,2009,0,0
severities,2009,0,0
severity,2009,0,0
sharply,2009,0,0
shocked,2009,0,0
shortage,2009,0,0
shortages,2009,0,0
shortfall,2009,0,0
shortfalls,2009,0,0
shrinkage,2009,0,0
shrinkages,2009,0,0
shut,2009,0,0
shutdown,2009,0,0
shutdowns,2009,0,0
shuts,2009,0,0
shutting,2009,0,0
slander,2009,0,0
slandered,2009,0,0
slanderous,2009,0,0
slanders,2009,0,0
slippage,2009,0,0
slippages,2009,0,0
slow,2009,0,0
slowdown,2009,0,0
slowdowns,2009,0,0
slowed,2009,0,0
slower,2009,0,0
slowest,2009,0,0
slowing,2009,0,0
slowly,2009,0,0
slowness,2009,0,0
sluggish,2009,0,0
sluggishly,2009,0,0
sluggishness,2009,0,0
smooth,0,2009,0
smoothing,0,2009,0
smoothly,0,2009,0
smooths,0,2009,0
solvencies,2009,0,0
solvency,2009,0,0
solves,0,2009,0
solving,0,2009,0
sometime,0,0,2009
sometimes,0,0,2009
somewhat,0,0,2009
somewhere,0,0,2009
spam,2014,0,0
spammers,2014,0,0
spamming,2014,0,0
spectacular,0,2009,0
spectacularly,0,2009,0
speculate,0,0,2009
speculated,0,0,2009
speculates,0,0,2009
speculating,0,0,2009
speculation,0,0,2009
speculations,0,0,2009
speculative,0,0,2009
speculatively,0,0,2009
sporadic,0,0,2009
sporadically,0,0,2009
stability,0,2009,0
stabilization,0,2009,0
stabilizations,0,2009,0
stabilize,0,2009,0
stabilized,0,2009,0
stabilizes,0,2009,0
stabilizing,0,2009,0
stable,0,2009,0
staggering,2009,0,0
stagnant,2009,0,0
stagnate,2009,0,0
stagnated,2009,0,0
stagnates,2009,0,0
stagnating,2009,0,0
stagnation,2009,0,0
standstill,2009,0,0
standstills,2009,0,0
stolen,2009,0,0
stoppage,2009,0,0
stoppages,2009,0,0
stopped,2009,0,0
stopping,2009,0,0
stops,2009,0,0
strain,2009,0,0
strained,2009,0,0
straining,2009,0,0
strains,2009,0,0
strength,0,2009,0
strengthen,0,2009,0
strengthened,0,2009,0
strengthening,0,2009,0
strengthens,0,2009,0
strengths,0,2009,0
stress,2009,0,0
stressed,2009,0,0
stresses,2009,0,0
stressful,2009,0,0
stressing,2009,0,0
stringent,2009,0,0
strong,0,2009,0
stronger,0,2009,0
strongest,0,2009,0
subjected,2009,0,0
subjecting,2009,0,0
subjection,2009,0,0
subpoena,2009,0,0
subpoenaed,2009,0,0
subpoenas,2009,0,0
substandard,2009,0,0
succeed,0,2009,0
succeeded,0,2009,0
succeeding,0,2009,0
succeeds,0,2009,0
success,0,2009,0
successes,0,2009,0
successful,0,2009,0
successfully,0,2009,0
sudden,0,0,2009
suddenly,0,0,2009
sue,2009,0,0
sued,2009,0,0
sues,2009,0,0
suffer,2009,0,0
suffered,2009,0,0
suffering,2009,0,0
suffers,2009,0,0
suggest,0,0,2009
suggested,0,0,2009
suggesting,0,0,2009
suggests,0,0,2009
suing,2009,0,0
summoned,2009,0,0
summoning,2009,0,0
summons,2009,0,0
summonses,2009,0,0
superior,0,2009,0
surpass,0,2009,0
surpassed,0,2009,0
surpasses,0,2009,0
surpassing,0,2009,0
susceptibility,2009,0,2009
susceptible,2009,0,0
suspect,2009,0,0
suspected,2009,0,0
suspects,2009,0,0
suspend,2009,0,0
suspended,2009,0,0
suspending,2009,0,0
suspends,2009,0,0
suspension,2009,0,0
suspensions,2009,0,0
suspicion,2009,0,0
suspicions,2009,0,0
suspicious,2009,0,0
suspiciously,2009,0,0
taint,2009,0,0
tainted,2009,0,0
tainting,2009,0,0
taints,2009,0,0
tampered,2009,0,0
tending,0,0,2009
tense,2009,0,0
tentative,0,0,2009
tentatively,0,0,2009
terminate,2009,0,0
terminated,2009,0,0
terminates,2009,0,0
terminating,2009,0,0
termination,2009,0,0
terminations,2009,0,0
testify,2009,0,0
testifying,2009,0,0
threat,2009,0,0
threaten,2009,0,0
threatened,2009,0,0
threatening,2009,0,0
threatens,2009,0,0
threats,2009,0,0
tightening,2009,0,0
tolerate,2009,0,0
tolerated,2009,0,0
tolerates,2009,0,0
tolerating,2009,0,0
toleration,2009,0,0
tortuous,2009,0,0
tortuously,2009,0,0
tragedies,2009,0,0
tragedy,2009,0,0
tragic,2009,0,0
tragically,2009,0,0
transparency,0,2009,0
traumatic,2009,0,0
tremendous,0,2009,0
tremendously,0,2009,0
trouble,2009,0,0
troubled,2009,0,0
troubles,2009,0,0
turbulence,2009,0,2009
turmoil,2009,0,0
unable,2009,0,0
unacceptable,2009,0,0
unacceptably,2009,0,0
unaccounted,2009,0,0
unannounced,2009,0,0
unanticipated,2009,0,0
unapproved,2009,0,0
unattractive,2009,0,0
unauthorized,2009,0,0
unavailability,2009,0,0
unavailable,2009,0,0
unavoidable,2009,0,0
unavoidably,2009,0,0
unaware,2009,0,0
uncertain,0,0,2009
uncertainly,0,0,2009
uncertainties,0,0,2009
uncertainty,0,0,2009
unclear,0,0,2009
uncollectable,2009,0,0
uncollected,2009,0,0
uncollectibility,2009,0,0
uncollectible,2009,0,0
uncollectibles,2009,0,0
uncompetitive,2009,0,0
uncompleted,2009,0,0
unconfirmed,0,0,2009
unconscionable,2009,0,0
unconscionably,2009,0,0
uncontrollable,2009,0,0
uncontrollably,2009,0,0
uncontrolled,2009,0,0
uncorrected,2009,0,0
uncover,2009,0,0
uncovered,2009,0,0
uncovering,2009,0,0
uncovers,2009,0,0
undecided,0,0,2009
undefined,0,0,2009
undeliverable,2009,0,0
undelivered,2009,0,0
undercapitalized,2009,0,0
undercut,2009,0,0
undercuts,2009,0,0
undercutting,2009,0,0
underestimate,2009,0,0
underestimated,2009,0,0
underestimates,2009,0,0
underestimating,2009,0,0
underestimation,2009,0,0
underfunded,2009,0,0
underinsured,2009,0,0
undermine,2009,0,0
undermined,2009,0,0
undermines,2009,0,0
undermining,2009,0,0
underpaid,2009,0,0
underpayment,2009,0,0
underpayments,2009,0,0
underpays,2009,0,0
underperform,2011,0,0
underperformance,2009,0,0
underperformed,2011,0,0
underperforming,2009,0,0
underperforms,2014,0,0
underproduced,2009,0,0
underproduction,2009,0,0
underreporting,2011,0,0
understate,2009,0,0
understated,2009,0,0
understatement,2009,0,0
understatements,2009,0,0
understates,2009,0,0
understating,2009,0,0
underutilization,2009,0,0
underutilized,2009,0,0
undesignated,0,0,2009
undesirable,2009,0,0
undesired,2009,0,0
undetectable,0,0,2009
undetected,2009,0,0
undeterminable,0,0,2009
undetermined,2009,0,2009
undisclosed,2009,0,0
undocumented,2009,0,2009
undue,2009,0,0
unduly,2009,0,0
uneconomic,2009,0,0
uneconomical,2009,0,0
uneconomically,2009,0,0
unemployed,2009,0,0
unemployment,2009,0,0
unethical,2009,0,0
unethically,2009,0,0
unexcused,2009,0,0
unexpected,2009,0,2009
unexpectedly,2009,0,2009
unfair,2009,0,0
unfairly,2009,0,0
unfamiliar,0,0,2009
unfamiliarity,0,0,2009
unfavorability,2014,0,0
unfavorable,2009,0,0
unfavorably,2009,0,0
unfavourable,2011,0,0
unfeasible,2009,0,0
unfit,2009,0,0
unfitness,2009,0,0
unforecasted,0,0,2011
unforeseeable,2009,0,0
unforeseen,2009,0,0
unforseen,2011,0,2011
unfortunate,2009,0,0
unfortunately,2009,0,0
unfounded,2009,0,0
unfriendly,2009,0,0
unfulfilled,2009,0,0
unfunded,2009,0,0
unguaranteed,0,0,2009
unhedged,0,0,2009
unidentifiable,0,0,2009
unidentified,0,0,2009
uninsured,2009,0,0
unintended,2009,0,0
unintentional,2009,0,0
unintentionally,2009,0,0
unjust,2009,0,0
unjustifiable,2009,0,0
unjustifiably,2009,0,0
unjustified,2009,0,0
unjustly,2009,0,0
unknowing,2009,0,0
unknowingly,2009,0,0
unknown,0,0,2009
unknowns,0,0,2009
unlawful,2009,0,0
unlawfully,2009,0,0
unlicensed,2009,0,0
unliquidated,2009,0,0
unmarketable,2009,0,0
unmatched,0,2009,0
unmerchantable,2011,0,0
unmeritorious,2014,0,0
unnecessarily,2009,0,0
unnecessary,2009,0,0
unneeded,2009,0,0
unobservable,0,0,2009
unobtainable,2009,0,0
unoccupied,2009,0,0
unpaid,2009,0,0
unparalleled,0,2009,0
unperformed,2009,0,0
unplanned,2009,0,2009
unpopular,2009,0,0
unpredictability,2009,0,2009
unpredictable,2009,0,2009
unpredictably,2009,0,2009
unpredicted,2011,0,2011
unproductive,2009,0,0
unprofitability,2011,0,0
unprofitable,2009,0,0
unproved,0,0,2009
unproven,0,0,2009
unqualified,2009,0,0
unquantifiable,0,0,2011
unquantified,0,0,2011
unrealistic,2009,0,0
unreasonable,2009,0,0
unreasonableness,2009,0,0
unreasonably,2009,0,0
unreceptive,2014,0,0
unreconciled,0,0,2011
unrecoverable,2009,0,0
unrecovered,2009,0,0
unreimbursed,2009,0,0
unreliable,2009,0,0
unremedied,2009,0,0
unreported,2009,0,0
unresolved,2009,0,0
unrest,2009,0,0
unsafe,2009,0,0
unsalable,2009,0,0
unsaleable,2009,0,0
unsatisfactory,2009,0,0
unsatisfied,2009,0,0
unsavory,2009,0,0
unscheduled,2009,0,0
unseasonable,0,0,2009
unseasonably,0,0,2009
unsellable,2014,0,0
unsettled,0,0,2009
unsold,2009,0,0
unsound,2009,0,0
unspecific,0,0,2009
unspecified,0,0,2009
unstabilized,2014,0,0
unstable,2009,0,0
unsubstantiated,2009,0,0
unsuccessful,2009,0,0
unsuccessfully,2009,0,0
unsuitability,2009,0,0
unsuitable,2009,0,0
unsuitably,2009,0,0
unsuited,2009,0,0
unsure,2009,0,0
unsurpassed,0,2009,0
unsuspected,2009,0,0
unsuspecting,2009,0,0
unsustainable,2009,0,0
untenable,2009,0,0
untested,0,0,2009
untimely,2009,0,0
untrusted,2014,0,0
untruth,2009,0,0
untruthful,2009,0,0
untruthfully,2009,0,0
untruthfulness,2009,0,0
untruths,2009,0,0
unusable,2009,0,0
unusual,0,0,2009
unusually,0,0,2009
unwanted,2009,0,0
unwarranted,2009,0,0
unwelcome,2009,0,0
unwilling,2009,0,0
unwillingness,2009,0,0
unwritten,0,0,2009
upset,2009,0,0
upturn,0,2009,0
upturns,0,2009,0
urgency,2009,0,0
urgent,2009,0,0
usurious,2009,0,0
usurp,2009,0,0
usurped,2009,0,0
usurping,2009,0,0
usurps,2009,0,0
usury,2009,0,0
vagaries,0,0,2009
vague,0,0,2012
vaguely,0,0,2012
vagueness,0,0,2012
vaguenesses,0,0,2012
vaguer,0,0,2012
vaguest,0,0,2012
valuable,0,2009,0
vandalism,2009,0,0
variability,0,0,2009
variable,0,0,2009
variables,0,0,2009
variably,0,0,2009
variance,0,0,2009
variances,0,0,2009
variant,0,0,2009
variants,0,0,2009
variation,0,0,2009
variations,0,0,2009
varied,0,0,2009
varies,0,0,2009
vary,0,0,2009
varying,0,0,2009
verdict,2009,0,0
verdicts,2009,0,0
versatile,0,2009,0
versatility,0,2009,0
vetoed,2009,0,0
vibrancy,0,2009,0
vibrant,0,2009,0
victims,2009,0,0
violate,2009,0,0
violated,2009,0,0
violates,2009,0,0
violating,2009,0,0
violation,2009,0,0
violations,2009,0,0
violative,2009,0,0
violator,2009,0,0
violators,2009,0,0
violence,2009,0,0
violent,2009,0,0
violently,2009,0,0
vitiate,2009,0,0
vitiated,2009,0,0
vitiates,2009,0,0
vitiating,2009,0,0
vitiation,2009,0,0
voided,2009,0,0
voiding,2009,0,0
volatile,2009,0,2009
volatilities,0,0,2009
volatility,2009,0,2009
vulnerabilities,2009,0,0
vulnerability,2009,0,0
vulnerable,2009,0,0
vulnerably,2009,0,0
warn,2009,0,0
warned,2009,0,0
warning,2009,0,0
warnings,2009,0,0
warns,2009,0,0
wasted,2009,0,0
wasteful,2009,0,0
wasting,2009,0,0
weak,2009,0,0
weaken,2009,0,0
weakened,2009,0,0
weakening,2009,0,0
weakens,2009,0,0
weaker,2009,0,0
weakest,2009,0,0
weakly,2009,0,0
weakness,2009,0,0
weaknesses,2009,0,0
willfully,2009,0,0
win,0,2009,0
winner,0,2009,0
winners,0,2009,0
winning,0,2009,0
worries,2009,0,0
worry,2009,0,0
worrying,2009,0,0
worse,2009,0,0
worsen,2009,0,0
worsened,2009,0,0
worsening,2009,0,0
worsens,2009,0,0
worst,2009,0,0
worthless,2009,0,0
worthy,0,2009,0
writedown,2009,0,0
writedowns,2009,0,0
writeoff,2009,0,0
writeoffs,2009,0,0
wrong,2009,0,0
wrongdoing,2009,0,0
wrongdoings,2009,0,0
wrongful,2009,0,0
wrongfully,2009,0,0
wrongly,2009,0,0
